unit,age,sex,geo\time	2006 	2007 	2008 	2009 	2010 	2011 	2012 	2013 	2014 	2015 	2016 	2017 
NR,TOTAL,T,AL01	: 	: 	: 	: 	: 	: 	: 	: 	: 	: 	848059 	826904 
NR,TOTAL,T,AL02	: 	: 	: 	: 	: 	: 	: 	: 	: 	: 	1110562 	1146183 
NR,TOTAL,T,AL03	: 	: 	: 	: 	: 	: 	: 	: 	: 	: 	927405 	903504 
NR,TOTAL,T,AT11	279128 	280062 	280977 	282777 	283697 	284581 	285782 	286691 	287416 	288356 	291011 	291942 
NR,TOTAL,T,AT12	1580501 	1588567 	1595503 	1602958 	1605897 	1609474 	1614455 	1618592 	1625485 	1636778 	1653691 	1665753 
NR,TOTAL,T,AT13	1652448 	1661246 	1671221 	1680135 	1689995 	1702855 	1717084 	1741246 	1766746 	1797337 	1840226 	1867582 
NR,TOTAL,T,AT21	559277 	559393 	559715 	559462 	557998 	556718 	556027 	555473 	555881 	557641 	560482 	561077 
NR,TOTAL,T,AT22	1200854 	1202483 	1203701 	1204795 	1205045 	1206611 	1208696 	1210971 	1215246 	1221570 	1232012 	1237298 
NR,TOTAL,T,AT31	1400287 	1403663 	1405762 	1408619 	1409253 	1410222 	1413866 	1418498 	1425422 	1437251 	1453948 	1465045 
NR,TOTAL,T,AT32	524920 	526048 	525944 	526699 	526730 	527886 	529704 	531898 	534270 	538575 	545815 	549263 
NR,TOTAL,T,AT33	694253 	697253 	699588 	702502 	704662 	707517 	711581 	715888 	722038 	728826 	739139 	746153 
NR,TOTAL,T,AT34	362630 	364269 	365578 	367056 	368366 	369300 	370926 	372603 	375282 	378592 	384147 	388752 
NR,TOTAL,T,BE10	1018804 	1031215 	1048491 	1068532 	1089538 	1136778 b	1151317 b	1165208 	1172751 b	1184101 	1201285 	1199095 
NR,TOTAL,T,BE21	1688493 	1700570 	1715707 	1731174 	1744862 	1773267 b	1787490 b	1798605 	1806634 b	1817033 	1828927 	1838863 
NR,TOTAL,T,BE22	814658 	820272 	826690 	833160 	838505 	846851 b	851558 b	855213 	857844 b	861380 	866970 	869664 
NR,TOTAL,T,BE23	1389450 	1398253 	1408484 	1420415 	1432326 	1448928 b	1457428 b	1463614 	1471126 b	1479049 	1489084 	1498483 
NR,TOTAL,T,BE24	1044133 	1052467 	1060232 	1068838 	1076924 	1088692 b	1096284 b	1102907 	1108408 b	1114590 	1122600 	1130644 
NR,TOTAL,T,BE25	1141866 	1145878 	1150487 	1155290 	1159366 	1168002 b	1172795 b	1175903 	1177935 b	1180957 	1184418 	1188407 
NR,TOTAL,T,BE31	366481 	370460 	373492 	375645 	379515 	383648 b	386683 b	389308 	391609 b	394344 	397745 	399735 
NR,TOTAL,T,BE32	1290079 	1294844 	1300097 	1304436 	1309880 	1319745 b	1325819 b	1331455 	1334423 b	1337780 	1341267 	1342053 
NR,TOTAL,T,BE33	1040297 	1047414 	1053722 	1060035 	1067685 	1082136 b	1088074 b	1093191 	1095661 b	1098903 	1103490 	1106039 
NR,TOTAL,T,BE34	258547 	261178 	264084 	266950 	269023 	273205 b	275713 b	277690 	278219 b	280261 	283257 	284617 
NR,TOTAL,T,BE35	458574 	461983 	465380 	468605 	472281 	479386 b	482728 b	484880 	486230 b	488876 	492074 	494127 
NR,TOTAL,T,BG31	934755 	916308 	898371 	881573 	865332 	848230 	836601 	823469 	810401 	797142 	783909 	769623 
NR,TOTAL,T,BG32	923643 	909962 	897075 	884857 	873801 	862120 	853468 	844511 	835813 	825536 	815441 	805441 
NR,TOTAL,T,BG33	991217 	986125 	981143 	976062 	971932 	966328 	961965 	957460 	954536 	949957 	944458 	939262 
NR,TOTAL,T,BG34	1119050 	1110344 	1102099 	1094253 	1087181 	1078597 	1072850 	1067981 	1063690 	1058515 	1052575 	1046125 
NR,TOTAL,T,BG41	2124449 	2126182 	2127498 	2129855 	2132634 	2133731 	2131233 	2128783 	2127618 	2125212 	2121185 	2115344 
NR,TOTAL,T,BG42	1536257 	1523752 	1511816 	1500519 	1490886 	1480425 	1471107 	1462348 	1453619 	1445836 	1436216 	1426064 
NR,TOTAL,T,CH01	1376306 	1389988 	1408796 	1437592 	1462210 	1483680 b	1503500 	1519189 	1545817 	1570594 	1593839 	1613522 
NR,TOTAL,T,CH02	1696509 	1703966 	1715800 	1730412 	1741923 	1755696 b	1770429 	1788791 	1808480 	1826251 	1842251 	1859557 
NR,TOTAL,T,CH03	1021034 	1026801 	1035934 	1049518 	1060753 	1070820 b	1079913 	1091302 	1104353 	1117158 	1128723 	1142156 
NR,TOTAL,T,CH04	1272590 	1284052 	1307567 	1332727 	1351297 	1373068 b	1392396 	1408575 	1425538 	1446354 	1466424 	1487969 
NR,TOTAL,T,CH05	1061852 	1065253 	1073904 	1085698 	1094202 	1103641 b	1113929 	1123672 	1134781 	1144572 	1153485 	1162684 
NR,TOTAL,T,CH06	708561 	713828 	722913 	733173 	739701 	749476 b	757552 	765879 	774123 	782374 	790458 	799287 
NR,TOTAL,T,CH07	322276 	324851 	328580 	332736 	335720 	333753 b	336943 	341652 	346539 	350363 	351946 	354375 
NR,TOTAL,T,CY00	744013 	757916 	776333 	796930 	819140 b	839751 	862011 	865878 	858000 	847008 	848319 	854802 
NR,TOTAL,T,CZ01	1169892 	1173933 	1195521 	1214300 	1227932 	1234037 	1241664 	1246780 	1243201 	1259079 	1267449 	1280508 
NR,TOTAL,T,CZ02	1157881 	1174964 	1201524 	1230405 	1247330 	1264986 	1279345 	1291816 	1302336 	1315299 	1326876 	1338982 
NR,TOTAL,T,CZ03	1176931 	1181719 	1191156 	1202477 	1205834 	1207027 	1207847 	1209298 	1210176 	1212423 	1214450 	1217411 
NR,TOTAL,T,CZ04	1121590 	1120755 	1130335 	1134887 	1133425 	1132252 	1131191 	1128490 	1125429 	1123265 	1120654 	1118126 
NR,TOTAL,T,CZ05	1481215 	1485575 	1494631 	1503865 	1506467 	1508735 	1508867 	1507980 	1506503 	1506813 	1507209 	1508527 
NR,TOTAL,T,CZ06	1643258 	1646898 	1657593 	1666778 	1671993 	1675872 	1678250 	1679857 	1680287 	1682748 	1684500 	1687764 
NR,TOTAL,T,CZ07	1227045 	1227080 	1229618 	1230437 	1229931 	1229117 	1227668 	1225302 	1222655 	1220972 	1219394 	1217623 
NR,TOTAL,T,CZ08	1245765 	1243309 	1243044 	1242634 	1239176 	1234705 	1230613 	1226602 	1221832 	1217676 	1213311 	1209879 
NR,TOTAL,T,DE11	4007373 	4005380 	4007095 	4006313 	4000848 	3910637 b	3924922 	3947568 	3972881 	4008288 	4069533 	4098278 
NR,TOTAL,T,DE12	2732455 	2734260 	2739274 	2740164 	2740503 	2663588 b	2671524 	2686573 	2702831 	2721266 	2761977 	2779314 
NR,TOTAL,T,DE13	2190727 	2193178 	2196410 	2195681 	2196018 	2142723 b	2150906 	2162340 	2174500 	2191622 	2224535 	2239734 
NR,TOTAL,T,DE14	1805146 	1805935 	1806976 	1807348 	1807552 	1761557 b	1765089 	1772630 	1781066 	1795468 	1823573 	1834567 
NR,TOTAL,T,DE21	4238195 	4279112 	4313446 	4335137 	4346465 	4313946 b	4363176 	4415649 	4469342 	4519979 	4588944 	4633323 
NR,TOTAL,T,DE22	1196923 	1193820 	1194138 	1191910 	1189194 	1172475 b	1175923 	1181472 	1189153 	1197558 	1212119 	1219397 
NR,TOTAL,T,DE23	1089543 	1087939 	1086684 	1083780 	1081417 	1071424 b	1072091 	1074738 	1077991 	1082761 	1092339 	1098378 
NR,TOTAL,T,DE24	1101390 	1094525 	1088845 	1082516 	1076400 	1065322 b	1061573 	1058711 	1056365 	1055955 	1059358 	1062394 
NR,TOTAL,T,DE25	1712275 	1712622 	1714123 	1712405 	1710145 	1679849 b	1688414 	1698515 	1707376 	1715195 	1738686 	1750059 
NR,TOTAL,T,DE26	1341481 	1337876 	1334767 	1327497 	1321957 	1302144 b	1299076 	1297727 	1297992 	1298849 	1306048 	1309209 
NR,TOTAL,T,DE27	1788919 	1786764 	1788329 	1786483 	1784753 	1778244 b	1783119 	1792759 	1806025 	1821271 	1846020 	1857991 
NR,TOTAL,T,DE30	3395189 	3404037 	3416255 	3431675 	3442675 	3278346 b	3326002 	3375222 	3421829 	3469849 	3520031 	3574830 
NR,TOTAL,T,DE40	2559483 	2547772 	2535737 	2522493 	2511525 	2461242 b	2453180 	2449511 	2449193 	2457872 	2484826 	2494648 
NR,TOTAL,T,DE50	663467 	663979 	663082 	661866 	661716 	651467 b	652182 	654774 	657391 	661888 	671489 	678753 
NR,TOTAL,T,DE60	1743627 	1754182 	1770629 	1772100 	1774224 	1705700 b	1718187 	1734272 	1746342 	1762791 	1787408 	1810438 
NR,TOTAL,T,DE71	3778124 	3772906 	3780232 	3784767 	3792941 	3734199 b	3763611 	3791381 	3822479 	3863818 	3922369 	3951234 
NR,TOTAL,T,DE72	1061323 	1057553 	1053259 	1048683 	1044269 	1027159 b	1025525 	1023277 	1023150 	1029020 	1040091 	1043643 
NR,TOTAL,T,DE73	1252907 	1244900 	1239064 	1231503 	1224741 	1208050 b	1204635 	1201823 	1199796 	1201050 	1213712 	1218211 
NR,TOTAL,T,DE80	1707266 	1693754 	1679682 	1664356 	1651216 	1614789 b	1606899 	1600327 	1596505 	1599138 	1612362 	1610674 
NR,TOTAL,T,DE91	1650435 	1641776 	1633318 	1623649 	1616720 	1579623 b	1575968 	1574527 	1574936 	1579754 	1598164 	1595609 
NR,TOTAL,T,DE92	2163919 	2160253 	2156841 	2149181 	2142440 	2093945 b	2093431 	2094931 	2099079 	2108413 	2132290 	2139976 
NR,TOTAL,T,DE93	1704133 	1702938 	1701132 	1696643 	1693654 	1669999 b	1667127 	1667332 	1670199 	1677715 	1699969 	1703945 
NR,TOTAL,T,DE94	2475459 	2477718 	2480393 	2477771 	2476001 	2435261 b	2437727 	2442205 	2446345 	2460857 	2496176 	2506155 
NR,TOTAL,T,DEA1	5226648 	5217129 	5208288 	5191042 	5172839 	5081231 b	5077103 	5081061 	5088748 	5108290 	5173623 	5190790 
NR,TOTAL,T,DEA2	4378622 	4384669 	4391062 	4386271 	4383044 	4282911 b	4299064 	4315912 	4333015 	4361724 	4422371 	4439416 
NR,TOTAL,T,DEA3	2622623 	2619372 	2614361 	2605365 	2597636 	2568358 b	2572221 	2572390 	2574148 	2580664 	2614229 	2619376 
NR,TOTAL,T,DEA4	2069758 	2065413 	2059198 	2050638 	2043212 	2031337 b	2027126 	2025415 	2024392 	2029648 	2057996 	2054205 
NR,TOTAL,T,DEA5	3760454 	3742162 	3723712 	3699748 	3676032 	3581355 b	3569424 	3559551 	3551553 	3557772 	3597297 	3586313 
NR,TOTAL,T,DEB1	1521494 	1513939 	1507919 	1499457 	1490711 	1486160 b	1480166 	1476237 	1474378 	1477202 	1488308 	1492187 
NR,TOTAL,T,DEB2	513363 	515819 	515972 	515322 	513794 	518554 b	518370 	518289 	519136 	521863 	532715 	528728 
NR,TOTAL,T,DEB3	2023986 	2023102 	2021752 	2013572 	2008170 	1989471 b	1991497 	1995752 	2000852 	2012517 	2031780 	2045138 
NR,TOTAL,T,DEC0	1050293 	1043167 	1036598 	1030324 	1022585 	1001879 b	997855 	994287 	990718 	989035 	995597 	996651 
NR,TOTAL,T,DED2	1662482 	1657114 	1646716 	1638111 	1631486 	1594568 b	1591710 	1591320 	1590927 	1592765 	1602754 	1600155 
NR,TOTAL,T,DED4	: 	: 	: 	: 	: 	1505254 b	1491442 	1480210 	1468954 	1463341 	1465612 	1454144 
NR,TOTAL,T,DED5	: 	: 	: 	: 	: 	966434 b	971030 	978674 	986504 	999168 	1016485 	1027484 
NR,TOTAL,T,DEE0	2469716 	2441787 	2412472 	2381872 	2356219 	2297386 b	2276736 	2259393 	2244577 	2235548 	2245470 	2236252 
NR,TOTAL,T,DEF0	2832950 	2834254 	2837373 	2834260 	2832027 	2800134 b	2802266 	2806531 	2815955 	2830864 	2858714 	2881926 
NR,TOTAL,T,DEG0	2334575 	2311140 	2289219 	2267763 	2249882 	2195344 b	2181603 	2170460 	2160840 	2156759 	2170714 	2158128 
NR,TOTAL,T,DK01	: 	1636749 	1645825 	1662285 	1680271 	1699387 	1714589 	1732068 	1749405 	1768125 	1789174 	1807404 
NR,TOTAL,T,DK02	: 	816118 	819427 	821252 	820564 	819763 	817907 	816359 	816726 	820480 	827499 	832553 
NR,TOTAL,T,DK03	: 	1189817 	1194659 	1199667 	1200277 	1200656 	1201342 	1201419 	1202509 	1205728 	1211770 	1217224 
NR,TOTAL,T,DK04	: 	1227428 	1237041 	1247732 	1253998 	1260993 	1266682 	1272510 	1277538 	1282750 	1293309 	1304253 
NR,TOTAL,T,DK05	: 	576972 	578839 	580515 	579628 	579829 	579996 	580272 	581057 	582632 	585499 	587335 
NR,TOTAL,T,EE00	1350700 	1342920 	1338440 	1335740 	1333290 	1329660 	1325217 	1320174 	1315819 	1314870 b	1315944 	1315635 
NR,TOTAL,T,EL30	3971441 	3982602 	3990727 	3999457 	4002871 	3992912 	3963887 	3912849 	3863763 	3822843 	3781274 	3773559 
NR,TOTAL,T,EL41	199187 	198191 	198675 	199517 	200179 	200831 	200591 	199478 	198581 	197695 	196654 	203700 
NR,TOTAL,T,EL42	324712 	327471 	329525 	331815 	332652 	333983 	334780 	334652 	334802 	334865 	334791 	338383 
NR,TOTAL,T,EL43	604682 	608988 	613144 	618317 	623113 	627144 	629367 	630085 	630889 	631513 	631812 	632674 
NR,TOTAL,T,EL51	600034 	602965 	605411 	608639 	610112 	611573 	612074 	610102 	608214 	606490 	604504 	602799 
NR,TOTAL,T,EL52	1890244 	1899242 	1905904 	1913980 	1921906 	1925437 	1922590 	1912624 	1903360 	1893878 	1883339 	1880122 
NR,TOTAL,T,EL53	287215 	286855 	286696 	286672 	286450 	285899 	284061 	281324 	278706 	276423 	273843 	271488 
NR,TOTAL,T,EL54	342916 	343786 	344410 	345167 	345960 	346503 	345437 	343128 	341046 	339142 	336834 	335250 
NR,TOTAL,T,EL61	741765 	743210 	743919 	745569 	746976 	747690 	745839 	741593 	737686 	733663 	729442 	725874 
NR,TOTAL,T,EL62	206703 	207149 	207508 	208161 	208675 	209221 	209131 	208241 	207664 	207059 	206141 	205431 
NR,TOTAL,T,EL63	696051 	694901 	693549 	692990 	692269 	690904 	687935 	682583 	677727 	673263 	668258 	663970 
NR,TOTAL,T,EL64	554659 	555149 	555577 	557291 	559655 	561693 	561670 	560093 	559214 	557753 	555830 	555761 
NR,TOTAL,T,EL65	585107 	585499 	585892 	587170 	588471 	589602 	589044 	586863 	585155 	583431 	581026 	579182 
NR,TOTAL,T,ES11	2730107 	2741074 	2754766 	2767469 	2772466 	2773411 	2771916 	2761989 	2747226 	2734656 	2720102 	2710216 
NR,TOTAL,T,ES12	1063488 	1065287 	1071079 	1076276 	1077102 	1075869 	1074308 	1067797 	1058975 	1049875 	1040925 	1034302 
NR,TOTAL,T,ES13	561042 	568196 	577267 	584657 	588512 	590867 	592383 	590036 	587682 	585359 	582504 	581490 
NR,TOTAL,T,ES21	2127689 	2142602 	2159415 	2174077 	2179521 	2183136 	2184696 	2177006 	2167166 	2165100 	2164066 	2167323 
NR,TOTAL,T,ES22	592137 	602835 	616710 	627286 	633023 	637100 	640014 	638948 	636450 	636402 	637486 	640353 
NR,TOTAL,T,ES23	302703 	308117 	316197 	319788 	319934 	320858 	320951 	318647 	315223 	313569 	312810 	312624 
NR,TOTAL,T,ES24	1273563 	1294243 	1325426 	1342788 	1344181 	1344385 	1343807 	1338316 	1331301 	1326403 	1318571 	1316072 
NR,TOTAL,T,ES30	5953546 	6075013 	6226185 	6327559 	6373546 	6394252 	6425522 	6414620 	6378297 	6385298 	6424275 	6476838 
NR,TOTAL,T,ES41	2494698 	2514206 	2541720 	2549172 	2547401 	2545301 	2537685 	2518560 	2495689 	2478079 	2454454 	2435951 
NR,TOTAL,T,ES42	1917445 	1971208 	2031840 	2066428 	2084468 	2099064 	2105935 	2094406 	2075197 	2062767 	2048900 	2040977 
NR,TOTAL,T,ES43	1074937 	1081872 	1089655 	1094693 	1099610 	1102299 	1104336 	1100970 	1096421 	1091623 	1084969 	1077525 
NR,TOTAL,T,ES51	7010859 	7151682 	7311146 	7427092 	7463488 	7493263 	7514991 	7480921 	7416237 	7396991 	7408290 	7441284 
NR,TOTAL,T,ES52	4681033 	4801628 	4928095 	4981284 	4989631 	4999192 	5009650 	4987011 	4956427 	4939674 	4932347 	4935182 
NR,TOTAL,T,ES53	970294 	1005181 	1042857 	1070167 	1083679 	1091664 	1100715 	1110112 	1115841 	1124972 	1135527 	1150962 
NR,TOTAL,T,ES61	7865788 	7986600 	8118570 	8212968 	8276008 	8332080 	8377810 	8393175 	8388875 	8399618 	8403774 	8408976 
NR,TOTAL,T,ES62	1351106 	1385717 	1419563 	1441787 	1453543 	1459075 	1461925 	1461983 	1461803 	1463773 	1466474 	1472991 
NR,TOTAL,T,ES63	72807 	74161 	75250 	76927 	79294 	81621 	83845 	84539 	84674 	84692 	84652 	85034 
NR,TOTAL,T,ES64	67111 	68967 	71244 	73365 	76049 	78866 	81792 	83620 	83870 	84570 	84764 	84946 
NR,TOTAL,T,ES70	1899618 	1946077 	1991954 	2025490 	2045163 	2064871 	2085938 	2105234 	2114845 	2126144 	2135209 	2154978 
NR,TOTAL,T,FI19	1334293 	1338973 	1344565 	1349600 	1355168 	1360041 	1365259 	1370384 	1374403 	1377281 	1379116 	1380593 
NR,TOTAL,T,FI1B	1452083 	1467453 	1483719 	1501511 	1517542 	1532309 	1549058 	1566835 	1585473 	1603388 	1620261 	1638293 
NR,TOTAL,T,FI1C	1143740 	1146472 	1149025 	1152267 	1154648 	1157595 	1159823 	1161486 	1161882 	1161706 	1160491 	1159174 
NR,TOTAL,T,FI1D	1298698 	1297134 	1296022 	1295480 	1296335 	1297324 	1298773 	1299468 	1300846 	1300462 	1298457 	1296023 
NR,TOTAL,T,FI20	26766 	26923 	27153 	27456 	27734 	28007 	28354 	28501 	28666 	28916 	28983 	29214 
NR,TOTAL,T,FR10	11532398 	11598866 	11659260 	11728240 	11786234 	11852851 	11898502 	11959807 	12027565 	12082144 p	12138930 p	12193865 p
NR,TOTAL,T,FR21	1338850 	1339487 	1338004 	1337953 	1335923 	1336053 	1339270 	1339008 	1339299 	1338255 p	1336535 p	1334453 p
NR,TOTAL,T,FR22	1894355 	1900354 	1906601 	1911157 	1914844 	1918155 	1922342 	1927142 	1930095 	1932090 p	1933719 p	1934171 p
NR,TOTAL,T,FR23	1811055 	1816716 	1825667 	1832942 	1836954 	1839393 	1845547 	1849652 	1856267 	1859647 p	1862637 p	1865332 p
NR,TOTAL,T,FR24	2519567 	2526919 	2531588 	2538590 	2548065 	2556835 	2563586 	2570548 	2577435 	2578592 p	2580581 p	2582302 p
NR,TOTAL,T,FR25	1456793 	1461429 	1467425 	1470880 	1473494 	1475684 	1477209 	1478712 	1479378 	1479484 p	1478803 p	1477290 p
NR,TOTAL,T,FR26	1628837 	1633891 	1638588 	1642440 	1642115 	1642734 	1641130 	1642687 	1642551 	1641205 p	1639637 p	1637366 p
NR,TOTAL,T,FR30	4018644 	4021676 	4024490 	4033197 	4038157 	4042015 	4050756 	4060741 	4076061 	4077886 p	4083273 p	4087132 p
NR,TOTAL,T,FR41	2335749 	2339881 	2346361 	2350112 	2350920 	2350657 	2349816 	2345197 	2342397 	2341531 p	2336356 p	2330674 p
NR,TOTAL,T,FR42	1815493 	1827248 	1837087 	1843053 	1845687 	1852325 	1859869 	1868183 	1872949 	1879265 p	1884204 p	1888937 p
NR,TOTAL,T,FR43	1150624 	1158671 	1163931 	1168208 	1171763 	1173440 	1175684 	1177096 	1178072 	1179735 p	1179998 p	1179900 p
NR,TOTAL,T,FR51	3450413 	3482594 	3510170 	3539048 	3571495 	3601113 	3632614 	3660852 	3690833 	3718512 p	3742638 p	3765798 p
NR,TOTAL,T,FR52	3094534 	3120288 	3149701 	3175064 	3199066 	3217767 	3237097 	3258707 	3276543 	3293850 p	3309220 p	3323130 p
NR,TOTAL,T,FR53	1724123 	1739780 	1752708 	1760575 	1770363 	1777773 	1783991 	1789779 	1797698 	1802873 p	1807170 p	1811206 p
NR,TOTAL,T,FR61	3119778 	3150890 	3177625 	3206137 	3232352 	3254233 	3285970 	3316889 	3343326 	3370578 p	3396364 p	3422179 p
NR,TOTAL,T,FR62	2776822 	2810247 	2838228 	2862707 	2881756 	2903420 	2926592 	2954157 	2979161 	3001502 p	3024327 p	3046465 p
NR,TOTAL,T,FR63	730920 	737001 	740743 	741785 	742771 	741072 	738633 	737509 	738120 	738031 p	736983 p	735908 p
NR,TOTAL,T,FR71	6021346 	6065959 	6117229 	6174040 	6230691 	6283541 	6341160 	6399927 	6460505 	6515331 p	6569276 p	6621564 p
NR,TOTAL,T,FR72	1335938 	1339247 	1341863 	1343964 	1347387 	1350682 	1354104 	1357668 	1360461 	1362367 p	1363924 p	1365263 p
NR,TOTAL,T,FR81	2534144 	2560870 	2581718 	2610890 	2636350 	2670046 	2700266 	2729721 	2751592 	2772683 p	2794804 p	2815936 p
NR,TOTAL,T,FR82	4815232 	4864015 	4882913 	4889053 	4899155 	4916069 	4935576 	4953675 	4983438 	5007977 p	5028341 p	5047942 p
NR,TOTAL,T,FR83	294118 	299209 	302966 	305674 	309693 	314486 	316257 	320208 	324212 	327283 p	330752 p	334283 p
NR,TOTAL,T,FRA1	: 	: 	: 	: 	: 	: 	: 	437713 	435293 	433674 p	431602 p	429085 p
NR,TOTAL,T,FRA2	397732 	397730 	397693 	396404 	394173 	392291 	388364 	385551 	383911 	380877 p	378043 p	374780 p
NR,TOTAL,T,FRA3	205954 	213031 	219266 	224469 	229040 	237549 	239648 	244118 	252338 	259865 p	266812 p	274153 p
NR,TOTAL,T,FRA4	781962 	794107 	808250 	816364 	821136 	828581 	833944 	835103 	842767 	850727 p	855992 p	860815 p
NR,TOTAL,T,FRA5	: 	: 	: 	: 	: 	: 	: 	: 	: 	230315 p	239532 p	249154 p
NR,TOTAL,T,HR03	1399795 	1406970 	1412009 	1415015 	1415971 	1413426 	1410551 	1407798 	1405908 	1402229 	1394290 	1387363 
NR,TOTAL,T,HR04	2912692 	2906560 	2899958 	2894781 	2886876 	2876431 	2865433 	2854342 	2840901 	2823087 	2796379 	2766850 
NR,TOTAL,T,HU10	2855670 	2872678 	2897317 	2925500 	2951436 	2971246 	2940818 b	2953883 	2965413 	2983733 	2993948 	3000076 
NR,TOTAL,T,HU21	1108124 	1107453 	1104841 	1103132 	1098654 	1094104 	1079589 b	1074702 	1069190 	1063408 	1060703 	1056097 
NR,TOTAL,T,HU22	1000142 	999361 	997939 	998187 	996390 	994698 	984399 b	985279 	984521 	983925 	983933 	983251 
NR,TOTAL,T,HU23	970700 	967677 	960088 	952982 	947986 	940585 	931215 b	925180 	917492 	909130 	900868 	894223 
NR,TOTAL,T,HU31	1261489 	1251441 	1236690 	1223238 	1209142 	1194697 	1200831 b	1189441 	1176894 	1164813 	1153714 	1143902 
NR,TOTAL,T,HU32	1533162 	1525317 	1514020 	1502409 	1492502 	1481922 	1498795 b	1491659 	1484375 	1479522 	1474383 	1468088 
NR,TOTAL,T,HU33	1347294 	1342231 	1334506 	1325527 	1318214 	1308470 	1296278 b	1288654 	1279480 	1271040 	1262936 	1251924 
NR,TOTAL,T,IE01	1125639 	1160174 	1191149 	1215848 	1227429 	1237715 	1241885 	1247029 	1247591 	1250075 	1259673 	1274988 
NR,TOTAL,T,IE02	3082517 	3179944 	3266616 	3305474 	3321999 	3333166 	3347402 	3362750 	3390261 	3427552 	3466613 	3509395 
NR,TOTAL,T,IS00	299891 	307672 	315459 	319368 	317630 	318452 	319575 	321857 	325671 	329100 	332529 	338349 
NR,TOTAL,T,ITC1	4279510 	4285466 	4332069 	4356322 	4362041 	4364309 	4357663 	4374052 	4436798 	4424467 	4404246 	4392526 
NR,TOTAL,T,ITC2	123969 	124654 	125550 	126369 	126686 	126761 	126620 	127844 	128591 	128298 	127329 	126883 
NR,TOTAL,T,ITC3	1574148 	1572551 	1573333 	1577301 	1576443 	1574132 	1567339 	1565127 	1591939 	1583263 	1571053 	1565307 
NR,TOTAL,T,ITC4	9341231 	9393968 	9469841 	9545515 	9600951 	9663872 	9700881 	9794525 	9973397 	10002615 	10008349 	10019166 
NR,TOTAL,T,ITF1	1283830 	1285456 	1297991 	1306029 	1307778 	1307273 	1306416 	1312507 	1333939 	1331574 	1326513 	1322247 
NR,TOTAL,T,ITF2	318297 	317206 	317655 	316955 	315536 	314342 	313145 	313341 	314725 	313348 	312027 	310449 
NR,TOTAL,T,ITF3	5741383 	5737883 	5750281 	5750382 	5758375 	5765850 	5764424 	5769750 	5869965 	5861529 	5850850 	5839084 
NR,TOTAL,T,ITF4	4033405 	4032130 	4040624 	4043827 	4048007 	4053668 	4050072 	4050803 	4090266 	4090105 	4077166 	4063888 
NR,TOTAL,T,ITF5	589480 	585732 	584871 	583556 	581140 	579358 	577562 	576194 	578391 	576619 	573694 	570365 
NR,TOTAL,T,ITF6	1978390 	1967632 	1974058 	1970780 	1966336 	1962856 	1958418 	1958238 	1980533 	1976631 	1970521 	1965128 
NR,TOTAL,T,ITG1	4969155 	4967981 	4981526 	4990588 	4997429 	5005657 	4999854 	4999932 	5094937 	5092080 	5074261 	5056641 
NR,TOTAL,T,ITG2	1634026 	1635648 	1639766 	1642583 	1641347 	1641681 	1637846 	1640379 	1663859 	1663286 	1658138 	1653135 
NR,TOTAL,T,ITH1	479354 	484280 	490035 	494559 	498315 	501815 	504708 	509626 	515714 	518518 	520891 	524256 
NR,TOTAL,T,ITH2	498537 	503147 	509109 	514881 	518796 	522486 	524877 	530308 	536237 	537416 	538223 	538604 
NR,TOTAL,T,ITH3	4701951 	4728911 	4783323 	4827619 	4841933 	4851958 	4853657 	4881756 	4926818 	4927596 	4915123 	4907529 
NR,TOTAL,T,ITH4	1201522 	1205593 	1214346 	1221392 	1221569 	1220849 	1217780 	1221860 	1229363 	1227122 	1221218 	1217872 
NR,TOTAL,T,ITH5	4146766 	4175075 	4222551 	4277139 	4306684 	4331343 	4341240 	4377487 	4446354 	4450508 	4448146 	4448841 
NR,TOTAL,T,ITI1	3570259 	3581920 	3615187 	3641389 	3657340 	3668948 	3667780 	3692828 	3750511 	3752654 	3744398 	3742437 
NR,TOTAL,T,ITI2	853259 	856151 	866930 	875261 	880202 	884010 	883215 	886239 	896742 	894762 	891181 	888908 
NR,TOTAL,T,ITI3	1499237 	1504727 	1521242 	1536302 	1540272 	1541950 	1540688 	1545155 	1553138 	1550796 	1543752 	1538055 
NR,TOTAL,T,ITI4	5246505 	5277633 	5342587 	5401837 	5442963 	5481572 	5500022 	5557276 	5870451 	5892425 	5888472 	5898124 
NR,TOTAL,T,LI00	34905 	35168 	35356 	35589 	35894 	36149 	36475 	36838 	37129 	37366 	37622 	37810 
NR,TOTAL,T,LT00	3289835 	3249983 	3212605 	3183856 	3141976 	3052588 	3003641 	2971905 	2943472 	2921262 	2888558 	2847904 
NR,TOTAL,T,LU00	469086 	476187 	483799 	493500 	502066 	511840 	524853 	537039 	549680 	562958 	576249 	590667 b
NR,TOTAL,T,LV00	2227874 	2208840 	2191810 	2162834 	2120504 	2074605 	2044813 	2023825 	2001468 	1986096 	1968957 	1950116 
NR,TOTAL,T,ME00	613109 	614624 	615543 	617157 	619001 	619850 	620308 	620893 	621521 	622099 	622218 	622387 
NR,TOTAL,T,MK00	2038514 	2041941 	2045177 	2048619 	2052722 	2057284 	2059794 p	2062294 	2065410 	2068864 	2070998 	2073483 
NR,TOTAL,T,MKXX	: 	: 	: 	: 	: 	: 	: 	: 	359 	308 	280 	219 
NR,TOTAL,T,MT00	404999 	405616 	407832 	410926 	414027 	414989 	417546 	422509 	429424 	439691 	450415 	460297 
NR,TOTAL,T,NL11	574042 	573614 	573459 	574092 	576668 	579036 	580875 	581705 	582728 	583942 	583721 	583581 
NR,TOTAL,T,NL12	642230 	642209 	643189 	644811 	646305 	647282 	647214 	646862 	646317 	646257 	646040 	646874 
NR,TOTAL,T,NL13	484481 	486197 	488135 	489918 	490981 	491411 	490807 	489918 	488988 	488576 	488629 	491792 
NR,TOTAL,T,NL21	1113529 	1116374 	1119994 	1125435 	1130345 	1134465 	1137668 	1139350 	1139697 	1140652 	1144280 	1147687 
NR,TOTAL,T,NL22	1975704 	1979059 	1983869 	1991062 	1998936 	2004671 	2010745 	2015791 	2019692 	2026578 	2035351 	2047901 
NR,TOTAL,T,NL23	370656 	374424 	378688 	383449 	387881 	391967 	395525 	398441 	399893 	401791 	404068 	407818 
NR,TOTAL,T,NL31	1180039 	1190604 	1201350 	1210869 	1220910 	1228794 	1237117 	1245294 	1253672 	1263572 	1273613 	1284504 
NR,TOTAL,T,NL32	2606584 	2613070 	2626163 	2646445 	2669084 	2691477 	2709822 	2724300 	2741369 	2761929 	2784854 	2809483 
NR,TOTAL,T,NL33	3458875 	3455097 	3461435 	3481558 	3505611 	3528324 	3552407 	3563935 	3577032 	3600011 	3622303 	3650222 
NR,TOTAL,T,NL34	380186 	380497 	380585 	380984 	381409 	381530 	381407 	381077 	380621 	380726 	381252 	381568 
NR,TOTAL,T,NL41	2415946 	2419042 	2424827 	2434560 	2444158 	2454215 	2463686 	2471011 	2479274 	2488751 	2498749 	2512531 
NR,TOTAL,T,NL42	1131938 	1127805 	1123705 	1122604 	1122701 	1122627 	1123075 	1121891 	1120006 	1117941 	1116260 	1117546 
NR,TOTAL,T,NO01	1039536 	1057794 	1079051 	1103100 	1123359 	1144883 	1169539 	1190365 	1209992 	1232854 	1251687 	1271127 
NR,TOTAL,T,NO02	371715 	371729 	372926 	374359 	375925 	377709 	379938 	380973 	382230 	383985 	384221 	385669 
NR,TOTAL,T,NO03	893858 	900152 	909842 	919900 	928852 	938827 	949963 	960653 	969415 	976682 	984764 	992962 
NR,TOTAL,T,NO04	663995 	673027 	684761 	696166 	706823 	718543 	728934 	741284 	751632 	762031 	768179 	772813 
NR,TOTAL,T,NO05	804239 	808290 	815705 	824865 	835517 	845886 	855399 	866239 	875475 	884316 	890719 	896503 
NR,TOTAL,T,NO06	404097 	407905 	412849 	417437 	422102 	426206 	431340 	437198 	441193 	445838 	449457 	454596 
NR,TOTAL,T,NO07	462779 	462237 	462037 	463425 	465621 	468251 	470757 	474563 	478033 	480787 	481694 	484647 
NR,TOTAL,T,PL11	2577465 	2566198 	2555898 	2548861 	2535866 b	2528674 	2519448 	2510409 	2498861 	2489844 	2479350 	2471620 
NR,TOTAL,T,PL12	5157729 	5171702 	5188488 	5204495 	5217587 b	5240483 	5257680 	5276119 	5292567 	5309778 	5323267 	5341484 
NR,TOTAL,T,PL21	3266187 	3271206 	3279036 	3287136 	3280603 b	3293551 	3303061 	3310450 	3316097 	3324579 	3330031 	3339803 
NR,TOTAL,T,PL22	4685775 	4669137 	4654115 	4645665 	4590630 b	4585758 	4576485 	4566039 	4548177 	4535705 	4520567 	4510528 
NR,TOTAL,T,PL31	2179611 	2172766 	2166213 	2161832 	2161679 b	2156633 	2149487 	2143278 	2134413 	2126310 	2118528 	2112787 
NR,TOTAL,T,PL32	2098263 	2097564 	2097338 	2099495 	2081154 b	2083487 	2083852 	2085063 	2083546 	2084264 	2083496 	2084722 
NR,TOTAL,T,PL33	1285007 	1279838 	1275550 	1272784 	1272156 b	1268145 	1263464 	1259137 	1253041 	1247951 	1241895 	1237518 
NR,TOTAL,T,PL34	1199689 	1196101 	1192660 	1191470 	1176151 b	1175010 	1172366 	1169763 	1165447 	1162369 	1158945 	1156947 
NR,TOTAL,T,PL41	3372417 	3378502 	3386882 	3397617 	3410721 b	3422705 	3430702 	3437751 	3441440 	3447689 	3450966 	3457473 
NR,TOTAL,T,PL42	1694178 	1692838 	1692271 	1692957 	1696985 b	1697166 	1695822 	1694560 	1691400 	1688486 	1684025 	1681246 
NR,TOTAL,T,PL43	1009198 	1008520 	1008481 	1008962 	1009605 b	1010700 	1010421 	1010582 	1008564 	1007442 	1005159 	1004892 
NR,TOTAL,T,PL51	2888232 	2882317 	2878410 	2877059 	2876509 b	2878103 	2876855 	2875180 	2869579 	2868338 	2864624 	2866218 
NR,TOTAL,T,PL52	1047407 	1041941 	1037088 	1033040 	975283 b	972986 	969541 	966167 	960226 	956913 	952557 	950710 
NR,TOTAL,T,PL61	2068253 	2066371 	2066136 	2067918 	2074489 b	2075129 	2074398 	2072655 	2068417 	2065846 	2062006 	2060575 
NR,TOTAL,T,PL62	1428601 	1426883 	1426155 	1427073 	1428496 b	1428620 	1427162 	1425897 	1421264 	1418541 	1414734 	1410641 
NR,TOTAL,T,PL63	2199043 	2203595 	2210920 	2219512 	2234955 b	2245568 	2253048 	2259485 	2264817 	2271559 	2277059 	2285800 
NR,TOTAL,T,PT11	3718061 	3719898 	3719773 	3712554 	3705980 	3693585 b	3687224 	3666234 	3644195 	3621785 e	3603778 e	3584575 
NR,TOTAL,T,PT15	423539 	428798 	434556 	440088 	445824 	451304 b	446140 	444390 	442358 	441468 e	441929 e	441469 
NR,TOTAL,T,PT16	2350150 	2348308 	2345981 	2341807 	2337787 	2331642 b	2316169 	2298938 	2281164 	2263992 e	2256364 e	2243934 
NR,TOTAL,T,PT17	2745623 	2759501 	2775675 	2792105 	2808205 	2822761 b	2827050 	2818388 	2807525 	2809168 e	2812678 e	2821349 
NR,TOTAL,T,PT18	770869 	769333 	767535 	764652 	762068 	758707 b	754385 	748699 	743306 	733370 e	724391 e	718087 
NR,TOTAL,T,PT20	245118 	245671 	246373 	246670 	246900 	246757 b	247194 	247549 	247440 	246353 e	245766 e	245283 
NR,TOTAL,T,PT30	258628 	261079 	263446 	265138 	266715 	267965 b	264236 	263091 	261313 	258686 e	256424 e	254876 
NR,TOTAL,T,RO11	2729181 	2729256 	2724176 	2721468 	2719719 	2717532 	2598877 b	2594823 	2590220 e	2585543 e	2576777 	2568730 
NR,TOTAL,T,RO12	2534378 	2524176 	2524628 	2526062 	2524418 	2522692 	2360578 b	2359405 	2355312 e	2350147 e	2341749 	2332935 
NR,TOTAL,T,RO21	3734946 	3727910 	3722553 	3717621 	3712396 	3703283 	3294204 b	3278798 	3273367 e	3269598 e	3256282 	3239612 
NR,TOTAL,T,RO22	2843624 	2834335 	2825756 	2818346 	2811218 	2802532 	2538949 b	2523354 	2509094 e	2492352 e	2469801 	2446734 
NR,TOTAL,T,RO31	3321392 	3304840 	3292036 	3279786 	3267270 	3253712 	3128799 b	3108150 	3085095 e	3061286 e	3031386 	3003349 
NR,TOTAL,T,RO32	2215701 	2232162 	2242002 	2253093 	2261698 	2267419 	2279145 b	2282244 	2282968 e	2284200 e	2288538 	2287347 
NR,TOTAL,T,RO41	2301833 	2285733 	2270776 	2257752 	2246033 	2232814 	2067357 b	2048702 	2033360 e	2015766 e	1993741 	1973140 
NR,TOTAL,T,RO42	1929158 	1926707 	1926700 	1924488 	1919434 	1913831 	1828087 b	1824598 	1817895 e	1811755 e	1802040 	1792503 
NR,TOTAL,T,SE11	1889945 	1918104 	1949516 	1981263 	2019182 	2054343 	2091473 	2127006 	2163042 	2198044 	2231439 	2269060 
NR,TOTAL,T,SE12	1518077 	1524509 	1534529 	1545587 	1558292 	1569248 	1578097 	1589821 	1605347 	1621566 	1638825 	1664145 
NR,TOTAL,T,SE21	800054 	802247 	805353 	807871 	810066 	811611 	812948 	815792 	819426 	826243 	834276 	847667 
NR,TOTAL,T,SE22	1320160 	1335936 	1351257 	1367017 	1383653 	1396556 	1405912 	1415403 	1426826 	1443065 	1459880 	1483018 
NR,TOTAL,T,SE23	1814323 	1827143 	1838691 	1851702 	1866283 	1879781 	1892328 	1904563 	1921924 	1942677 	1963466 	1992116 
NR,TOTAL,T,SE31	825037 	824853 	825000 	825149 	825931 	826820 	825431 	826272 	829134 	833585 	838747 	848451 
NR,TOTAL,T,SE32	370764 	370998 	370386 	370269 	369708 	369316 	368454 	368182 	368617 	369826 	371273 	374245 
NR,TOTAL,T,SE33	509392 	509467 	508195 	507489 	507567 	507895 	508212 	508854 	510548 	512349 	513111 	516451 
NR,TOTAL,T,SI03	: 	: 	1089757 b	1095836 	1099674 	1098506 	1099196 	1097198 	1094709 	1093545 	1092193 	1091159 
NR,TOTAL,T,SI04	: 	: 	920512 b	936526 	947302 	951683 	956300 	961623 	966376 	969329 	971995 	974736 
NR,TOTAL,T,SK01	592301 	592062 	592824 	594966 	597999 	599931 	606537 	612682 	618380 	625167 	633288 	641892 
NR,TOTAL,T,SK02	1851658 	1847853 	1846283 	1845563 	1842763 	1838786 	1839259 	1838136 	1836664 	1834832 	1832159 	1830751 
NR,TOTAL,T,SK03	1351651 	1350943 	1350263 	1349903 	1350286 	1349286 	1349729 	1348611 	1347233 	1345808 	1343458 	1342287 
NR,TOTAL,T,SK04	1577318 	1582322 	1586694 	1591969 	1599362 	1604443 	1608797 	1611407 	1613672 	1615542 	1617347 	1620413 
NR,TOTAL,T,TR10	: 	: 	12573836 	12697164 	12915158 	13255685 	13624240 	13854740 	14160467 	14377018 	14657434 	14804116 
NR,TOTAL,T,TR21	: 	: 	1458114 	1502358 	1511952 	1521328 	1569388 	1593247 	1613616 	1650735 	1687420 	1726260 
NR,TOTAL,T,TR22	: 	: 	1594441 	1605067 	1617820 	1642720 	1640759 	1654422 	1665089 	1700847 	1700029 	1715969 
NR,TOTAL,T,TR31	: 	: 	3739353 	3795978 	3868308 	3948848 	3965232 	4005459 	4061074 	4113072 	4168415 	4223545 
NR,TOTAL,T,TR32	: 	: 	2620452 	2674760 	2707898 	2739188 	2779765 	2808243 	2851086 	2915188 	2955825 	2997720 
NR,TOTAL,T,TR33	: 	: 	2939517 	2914110 	2940947 	3005558 	2942695 	2965800 	2985153 	2995289 	3013892 	3043846 
NR,TOTAL,T,TR41	: 	: 	3368502 	3442871 	3508133 	3595460 	3637222 	3682037 	3749582 	3809784 	3881624 	3964535 
NR,TOTAL,T,TR42	: 	: 	3048651 	3136555 	3193210 	3246147 	3315463 	3376330 	3448702 	3522353 	3617728 	3719652 
NR,TOTAL,T,TR51	: 	: 	4466756 	4548939 	4650802 	4771716 	4890893 	4965542 	5045083 	5150072 	5270575 	5346518 
NR,TOTAL,T,TR52	: 	: 	2185131 	2200013 	2224547 	2246478 	2272560 	2287705 	2317164 	2349170 	2372740 	2406913 
NR,TOTAL,T,TR61	: 	: 	2460321 	2514175 	2592075 	2685499 	2705254 	2763541 	2833306 	2898240 	2968561 	3017280 
NR,TOTAL,T,TR62	: 	: 	3602588 	3629227 	3703114 	3733124 	3776744 	3808483 	3855034 	3892850 	3928388 	3975522 
NR,TOTAL,T,TR63	: 	: 	2843518 	2907289 	2957713 	3004608 	3013790 	3038983 	3077753 	3115681 	3142990 	3189974 
NR,TOTAL,T,TR71	: 	: 	1481248 	1492804 	1504789 	1496296 	1495630 	1501311 	1510080 	1508199 	1515228 	1546995 
NR,TOTAL,T,TR72	: 	: 	2295679 	2299704 	2326584 	2352971 	2348101 	2351714 	2363390 	2378052 	2379113 	2401245 
NR,TOTAL,T,TR81	: 	: 	1016484 	1020767 	1026825 	1035071 	1019425 	1020108 	1020957 	1019534 	1023593 	1032260 
NR,TOTAL,T,TR82	: 	: 	732790 	737308 	745976 	743029 	739997 	745525 	763570 	756983 	757711 	766303 
NR,TOTAL,T,TR83	: 	: 	2728183 	2719954 	2739487 	2740686 	2717685 	2717970 	2714575 	2717042 	2721221 	2752803 
NR,TOTAL,T,TR90	: 	: 	2488652 	2507387 	2526619 	2516167 	2513021 	2545274 	2553647 	2566840 	2572850 	2645584 
NR,TOTAL,T,TRA1	: 	: 	1075088 	1061287 	1062205 	1068446 	1072848 	1071878 	1062345 	1067560 	1063789 	1078207 
NR,TOTAL,T,TRA2	: 	: 	1137671 	1140575 	1135856 	1133660 	1157546 	1154277 	1145257 	1138766 	1131570 	1123161 
NR,TOTAL,T,TRB1	: 	: 	1598897 	1623891 	1626357 	1625158 	1663811 	1673852 	1681719 	1690843 	1700468 	1711847 
NR,TOTAL,T,TRB2	: 	: 	1959535 	1994165 	2012044 	2022373 	2046027 	2082470 	2092863 	2111068 	2124349 	2115729 
NR,TOTAL,T,TRC1	: 	: 	2261242 	2318281 	2364249 	2414833 	2471979 	2519139 	2570208 	2616082 	2665265 	2715553 
NR,TOTAL,T,TRC2	: 	: 	2983813 	3067052 	3128748 	3192329 	3287197 	3354242 	3409417 	3480715 	3546516 	3613746 
NR,TOTAL,T,TRC3	: 	: 	1925794 	1965419 	1969896 	1985610 	2056997 	2085092 	2116727 	2153921 	2173759 	2179588 
NR,TOTAL,T,UKC1	1152783 	1157100 	1161826 	1165178 	1168781 	1173646 	1176946 	1179483 	1183833 	1188607 e	1190295 e	1193162 
NR,TOTAL,T,UKC2	1397017 	1400142 	1403818 	1407170 	1412315 	1417980 	1422375 	1426855 	1430981 	1437115 e	1441996 e	1445849 
NR,TOTAL,T,UKD1	497890 	499778 	500819 	500823 	500458 	499952 	499421 	498561 	498514 	498765 e	497677 e	496734 
NR,TOTAL,T,UKD3	2573330 	2590604 	2609479 	2630100 	2651011 	2673791 	2693988 	2708724 	2725350 	2745971 e	2765142 e	2783397 
NR,TOTAL,T,UKD4	1443073 	1447726 	1450334 	1452056 	1455120 	1459318 	1463495 	1467257 	1470724 	1475504 e	1479227 e	1482523 
NR,TOTAL,T,UKD6	882454 	887944 	892773 	895916 	898513 	901375 	904434 	907378 	911547 	916305 e	919043 e	921769 
NR,TOTAL,T,UKD7	1489154 	1489503 	1490636 	1493563 	1498042 	1503567 	1508892 	1511939 	1514337 	1519713 e	1526142 e	1530512 
NR,TOTAL,T,UKE1	902286 	905900 	910195 	912723 	914144 	916612 	919611 	921648 	924945 	928319 e	927490 e	928909 
NR,TOTAL,T,UKE2	774256 	778641 	783385 	787264 	791442 	796538 	800816 	803912 	807119 	809768 e	811004 e	813302 
NR,TOTAL,T,UKE3	1296474 	1303030 	1310906 	1319708 	1328405 	1338373 	1348020 	1355190 	1361803 	1370286 e	1378722 e	1385564 
NR,TOTAL,T,UKE4	2148261 	2161542 	2176960 	2191368 	2205139 	2220015 	2234084 	2246494 	2262876 	2279120 e	2289330 e	2302229 
NR,TOTAL,T,UKF1	2039897 	2050500 	2062927 	2076533 	2090780 	2104311 	2116608 	2128752 	2141108 	2156050 e	2168542 e	2179995 
NR,TOTAL,T,UKF2	1626570 	1645620 	1662694 	1676611 	1689857 	1704627 	1719114 	1732767 	1745972 	1763489 e	1785506 e	1802808 
NR,TOTAL,T,UKF3	681410 	689602 	697281 	703231 	708733 	713322 	716837 	721675 	726895 	733602 e	739568 e	744408 
NR,TOTAL,T,UKG1	1256718 	1267120 	1277162 	1284388 	1288952 	1293901 	1299331 	1304463 	1310374 	1318244 e	1324254 e	1329762 
NR,TOTAL,T,UKG2	1522425 	1532695 	1543007 	1551138 	1558437 	1567473 	1575042 	1581053 	1587277 	1595109 e	1600427 e	1606240 
NR,TOTAL,T,UKG3	2618917 	2633824 	2653874 	2676535 	2699492 	2725810 	2751164 	2773057 	2793649 	2819145 e	2847401 e	2870360 
NR,TOTAL,T,UKH1	2281263 	2300885 	2321845 	2341273 	2361712 	2385006 	2404415 	2419478 	2437201 	2458334 e	2477141 e	2492091 
NR,TOTAL,T,UKH2	1640939 	1654898 	1671667 	1688942 	1706697 	1726575 	1745551 	1764359 	1783862 	1807474 e	1832858 e	1851205 
NR,TOTAL,T,UKH3	1662372 	1674214 	1687563 	1699785 	1711120 	1723421 	1735048 	1747002 	1760614 	1779312 e	1795481 e	1808147 
NR,TOTAL,T,UKI3	1067469 	1069622 	1070507 	1074595 	1081014 	1089392 	1098050 	1104820 	1114202 	1127512 e	1154723 e	1166297 
NR,TOTAL,T,UKI4	1906096 	1940802 	1984546 	2032253 	2076113 	2121080 	2165194 	2205600 	2241849 	2285864 e	2351077 e	2390560 
NR,TOTAL,T,UKI5	1617931 	1636886 	1661514 	1689986 	1720016 	1752126 	1778823 	1800530 	1825909 	1854083 e	1881234 e	1905258 
NR,TOTAL,T,UKI6	1167132 	1175104 	1185864 	1197733 	1208538 	1220637 	1235154 	1249693 	1265768 	1281376 e	1293591 e	1305540 
NR,TOTAL,T,UKI7	1800330 	1823786 	1850927 	1883357 	1916940 	1950290 	1979742 	2002334 	2029557 	2056742 e	2078783 e	2100411 
NR,TOTAL,T,UKJ1	2158009 	2178786 	2200859 	2221257 	2242650 	2264895 	2285445 	2305960 	2325786 	2349646 e	2371762 e	2389165 
NR,TOTAL,T,UKJ2	2615748 	2640736 	2665296 	2686149 	2709001 	2733391 	2755118 	2775896 	2797590 	2823367 e	2848968 e	2868537 
NR,TOTAL,T,UKJ3	1828056 	1838375 	1850318 	1862903 	1877812 	1894162 	1908498 	1920443 	1933600 	1948762 e	1961234 e	1972679 
NR,TOTAL,T,UKJ4	1635294 	1653445 	1672669 	1688611 	1705146 	1723082 	1739957 	1756588 	1771388 	1790627 e	1810607 e	1826320 
NR,TOTAL,T,UKK1	2248953 	2269956 	2291124 	2307856 	2324183 	2342716 	2361987 	2381851 	2402035 	2425451 e	2450153 e	2467531 
NR,TOTAL,T,UKK2	1227304 	1237825 	1248807 	1255012 	1261896 	1271821 	1281108 	1288909 	1296411 	1305625 e	1316014 e	1323552 
NR,TOTAL,T,UKK3	518794 	522278 	525791 	527976 	530325 	534024 	538101 	541885 	546571 	551346 e	554342 e	557858 
NR,TOTAL,T,UKK4	1107973 	1115165 	1122091 	1125102 	1127629 	1132530 	1139062 	1145970 	1151660 	1160773 e	1171817 e	1177705 
NR,TOTAL,T,UKL1	1892334 	1902611 	1912884 	1919910 	1924712 	1930295 	1936283 	1940790 	1947856 	1955425 e	1954116 e	1956886 
NR,TOTAL,T,UKL2	1084923 	1093189 	1102960 	1112230 	1119494 	1126355 	1132397 	1137210 	1147233 	1154734 e	1151742 e	1155919 
NR,TOTAL,T,UKM2	1938765 	1953468 	1969549 	1983494 	1997342 	2014403 	2029125 	2038225 	2047902 	2059154 e	2071557 e	2085169 
NR,TOTAL,T,UKM3	2284882 	2290746 	2300139 	2309167 	2317233 	2326753 	2332336 	2332594 	2335115 	2339246 e	2341746 e	2349308 
NR,TOTAL,T,UKM5	448538 	453837 	458850 	463461 	468596 	473634 	478251 	482610 	487127 	490534 e	494758 e	496536 
NR,TOTAL,T,UKM6	448945 	453028 	457438 	460799 	463388 	465794 	466545 	466686 	467313 	467566 e	468546 e	469148 
NR,TOTAL,T,UKN0	1735396 	1752366 	1770363 	1786187 	1799019 	1809539 	1818935 	1826656 	1837302 	1847100 e	1858540 e	1875228 
